{
  "timestamp": "2024-11-21T17:56:19.074479",
  "results": {
    "subscriber_addition": {
      "mean": 0.0050136947631835935,
      "median": 0.004394054412841797,
      "p95": 0.007395029067993164,
      "min": 0.0035300254821777344,
      "max": 0.027521133422851562,
      "count": 100
    },
    "post_addition": {
      "mean": 0.005026129102706909,
      "median": 0.0043555498123168945,
      "p95": 0.006996870040893555,
      "min": 0.0033528804779052734,
      "max": 0.1316061019897461,
      "count": 5000
    },
    "feed_retrieval_limit_10": {
      "mean": 0.007461261749267578,
      "median": 0.005667686462402344,
      "p95": 0.011079072952270508,
      "min": 0.0045168399810791016,
      "max": 0.1253359317779541,
      "count": 100
    },
    "feed_retrieval_limit_50": {
      "mean": 0.007525160312652588,
      "median": 0.00689852237701416,
      "p95": 0.01172780990600586,
      "min": 0.005411863327026367,
      "max": 0.01697683334350586,
      "count": 100
    },
    "feed_retrieval_limit_100": {
      "mean": 0.00837038516998291,
      "median": 0.007006525993347168,
      "p95": 0.010164976119995117,
      "min": 0.006325960159301758,
      "max": 0.10656595230102539,
      "count": 100
    }
  }
}